Source,Target
archaeol20-128219_9.pdf,2.4.3
archaeol20-128219_9.pdf,2.4.3
archaeol20-128219_9.pdf,2.4.3
archaeol20-128219_9.pdf,2.4.1
archaeol20-128219_9.pdf,2.4.1
johnnewm1-130717_1.pdf,3.1.6
johnnewm1-130717_1.pdf,3.1.6
johnnewm1-130717_1.pdf,3.1.6
johnnewm1-130717_1.pdf,3.1.6
johnnewm1-130717_1.pdf,3.1.6
johnnewm1-130717_1.pdf,3.1.6
johnnewm1-130717_1.pdf,3.1.10
johnnewm1-130717_1.pdf,2.4.3
johnnewm1-130717_1.pdf,2.4.3
johnnewm1-127730_1.pdf,3.1.6
johnnewm1-127730_1.pdf,3.1.6
johnnewm1-127730_1.pdf,3.1.6
johnnewm1-127730_1.pdf,3.1.6
johnnewm1-127730_1.pdf,3.1.6
johnnewm1-127730_1.pdf,3.1.6
johnnewm1-127730_1.pdf,3.1.6
johnnewm1-127730_1.pdf,3.1.6
johnnewm1-127730_1.pdf,3.1.6
johnnewm1-127730_1.pdf,3.1.6
johnnewm1-127730_1.pdf,3.1.10
johnnewm1-127730_1.pdf,2.4.3
johnnewm1-127730_1.pdf,2.4.3
stephenh1-130645_1.pdf,3.1.10
stephenh1-130645_1.pdf,2.4.3
stephenh1-130645_1.pdf,2.4.3
stephenh1-130645_1.pdf,2.4.3
stephenh1-130645_1.pdf,2.4.3
stephenh1-130645_1.pdf,2.4.1
stephenh1-130645_1.pdf,2.4.1
northpen3-29577_1.pdf,3.1.10
northpen3-29577_1.pdf,3.1.6
northpen3-29577_1.pdf,3.1.6
northpen3-29577_1.pdf,3.1.6
northpen3-29577_1.pdf,3.1.6
northpen3-29577_1.pdf,3.1.6
northpen3-29577_1.pdf,2.4.3
northpen3-29577_1.pdf,2.4.1
cotswold2-40030_1.pdf,2.4.3
cotswold2-40030_1.pdf,2.4.3
cotswold2-40030_1.pdf,3.1.10
heritage1-85739_1.pdf,3.1.10
southwes1-56280_2.pdf,8.1
southwes1-56280_2.pdf,3.3.2
southwes1-56280_2.pdf,3.3.2
southwes1-56280_2.pdf,3.3.2
southwes1-56280_2.pdf,3.3.2
southwes1-130923_1.pdf,8.1
southwes1-130923_1.pdf,3.3.2
southwes1-130923_1.pdf,3.3.2
southwes1-130923_1.pdf,3.3.2
yorkarch1-87126_1.pdf,2.3.2
yorkarch1-87126_1.pdf,2.4.3
yorkarch1-87126_1.pdf,2.4.3
yorkarch1-87126_1.pdf,2.4.3
yorkarch1-87126_1.pdf,2.4.1
yorkarch1-87126_1.pdf,2.4.1
yorkarch1-87126_1.pdf,3.1.10
johnmoor1-129361_1.pdf,3.1.10
johnmoor1-129361_1.pdf,2.4.2
johnmoor1-129361_1.pdf,2.4.2
johnmoor1-129361_1.pdf,2.4.3
johnmoor1-129361_1.pdf,2.4.3
johnmoor1-129361_1.pdf,2.4.3
johnmoor1-129361_1.pdf,2.4.3
johnmoor1-129361_1.pdf,2.4.3
johnmoor1-129361_1.pdf,2.4.3
johnmoor1-129361_1.pdf,2.4.1
johnmoor1-129361_1.pdf,2.4.1
suffolkc1-129748_1.pdf,3.1.10
suffolkc1-129748_1.pdf,3.1.6
suffolkc1-129748_1.pdf,3.1.6
suffolkc1-129748_1.pdf,3.1.6
preconst1-57688_1.pdf,2.4.3
preconst1-57688_1.pdf,2.4.3
preconst1-57688_1.pdf,2.4.3
preconst1-57688_1.pdf,2.4.3
preconst1-57688_1.pdf,2.4.3
preconst1-57688_1.pdf,3.1.10
withamar1-84621_1.pdf,2.4.3
withamar1-84621_1.pdf,2.4.3
withamar1-84621_1.pdf,2.4.3
withamar1-84621_1.pdf,2.4.1
withamar1-84621_1.pdf,2.4.1
withamar1-84621_1.pdf,3.1.10
essexcou1-14992_1.pdf,3.1.10
essexcou1-14992_1.pdf,2.4.3
essexcou1-14992_1.pdf,2.4.3
essexcou1-14992_1.pdf,2.4.3
essexcou1-14992_1.pdf,2.4.3
essexcou1-14992_1.pdf,2.4.3
essexcou1-14992_1.pdf,2.4.3
essexcou1-14992_1.pdf,2.4.1
essexcou1-14992_1.pdf,2.4.1
nparchae1-108340_13.pdf,2.4.3
nparchae1-108340_13.pdf,2.4.3
nparchae1-108340_13.pdf,2.4.3
nparchae1-108340_13.pdf,2.4.3
nparchae1-108340_13.pdf,2.4.1
nparchae1-108340_13.pdf,2.4.1
cornwall2-128841_1.pdf,7.2
archaeol20-128219_1.pdf,2.4.3
archaeol20-128219_1.pdf,2.4.3
archaeol20-128219_1.pdf,2.4.3
archaeol20-128219_1.pdf,2.4.3
archaeol20-128219_1.pdf,2.4.1
archaeol20-128219_1.pdf,2.4.1
archaeol20-128219_1.pdf,3.1.10
molas1-52918_1.pdf,1.2.10
molas1-52918_1.pdf,1.2.10
csarchae1-69646_1.pdf,3.1.10
csarchae1-69646_1.pdf,2.4.3
csarchae1-69646_1.pdf,2.4.1
csarchae1-69646_1.pdf,2.4.1
preconst1-56876_1.pdf,3.1.10
preconst1-56876_1.pdf,2.4.3
preconst1-56876_1.pdf,2.4.3
preconst1-56876_1.pdf,2.4.3
preconst1-56876_1.pdf,2.4.3
cotswold2-128189_1.pdf,3.1.10
cotswold2-128189_1.pdf,2.4.3
cotswold2-128189_1.pdf,2.4.3
essexcou1-78796_1.pdf,3.1.10
essexcou1-78796_1.pdf,2.4.3
essexcou1-78796_1.pdf,2.4.3
essexcou1-78796_1.pdf,2.4.3
essexcou1-78796_1.pdf,2.4.3
essexcou1-78796_1.pdf,2.4.1
essexcou1-78796_1.pdf,2.4.1
archaeol20-128219_5.pdf,2.4.3
archaeol20-128219_5.pdf,2.4.3
archaeol20-128219_5.pdf,2.4.3
archaeol20-128219_5.pdf,2.4.1
archaeol20-128219_5.pdf,2.4.1
essexcou1-58208_1.pdf,3.1.10
essexcou1-58208_1.pdf,2.4.3
essexcou1-58208_1.pdf,2.4.3
essexcou1-58208_1.pdf,2.4.3
essexcou1-58208_1.pdf,2.4.3
essexcou1-58208_1.pdf,2.4.3
essexcou1-58208_1.pdf,2.4.1
essexcou1-58208_1.pdf,2.4.1
suffolkc1-124282_1.pdf,3.1.10
suffolkc1-124282_1.pdf,3.1.6
suffolkc1-124282_1.pdf,3.1.6
suffolkc1-124282_1.pdf,3.1.6
suffolkc1-124282_1.pdf,3.1.6
suffolkc1-124282_1.pdf,2.4.3
suffolkc1-124282_1.pdf,2.4.3
suffolkc1-124282_1.pdf,2.4.3
suffolkc1-124282_1.pdf,2.4.1
suffolkc1-124282_1.pdf,2.4.1
stokeont2-78634_1.pdf,3.1.10
stokeont2-78634_1.pdf,2.4.3
stokeont2-78634_1.pdf,2.4.3
preconst1-57550_1.pdf,2.4.3
preconst1-57550_1.pdf,2.4.3
preconst1-57550_1.pdf,2.4.3
preconst1-57550_1.pdf,2.4.3
preconst1-57550_1.pdf,2.4.3
preconst1-57550_1.pdf,2.4.3
preconst1-57550_1.pdf,2.4.1
preconst1-57550_1.pdf,3.1.10
preconst1-57942_1.pdf,3.1.10
preconst1-57942_1.pdf,2.4.3
preconst1-57942_1.pdf,2.4.3
preconst1-57942_1.pdf,2.4.3
preconst1-57942_1.pdf,2.4.3
preconst1-21425_1.pdf,2.4.3
preconst1-21425_1.pdf,2.4.3
preconst1-21425_1.pdf,2.4.3
preconst1-21425_1.pdf,2.4.3
preconst1-21425_1.pdf,2.4.1
preconst1-21425_1.pdf,2.4.1
preconst1-21425_1.pdf,3.1.10
johnnewm1-129760_1.pdf,3.1.6
johnnewm1-129760_1.pdf,3.1.6
johnnewm1-129760_1.pdf,3.1.6
johnnewm1-129760_1.pdf,3.1.6
johnnewm1-129760_1.pdf,3.1.6
johnnewm1-129760_1.pdf,3.1.6
johnnewm1-129760_1.pdf,3.1.6
johnnewm1-129760_1.pdf,3.1.6
johnnewm1-129760_1.pdf,3.1.6
johnnewm1-129760_1.pdf,3.1.6
johnnewm1-129760_1.pdf,3.1.6
johnnewm1-129760_1.pdf,3.1.6
johnnewm1-129760_1.pdf,3.1.10
johnnewm1-129760_1.pdf,2.4.3
johnnewm1-129760_1.pdf,2.4.3
suffolkc1-120626_1.pdf,3.1.10
suffolkc1-120626_1.pdf,3.1.6
suffolkc1-120626_1.pdf,3.1.6
cfaarcha1-86172_1.pdf,3.1.6
cfaarcha1-86172_1.pdf,3.1.6
cfaarcha1-86172_1.pdf,3.1.10
cfaarcha1-86172_1.pdf,2.4.3
cfaarcha1-86172_1.pdf,2.4.3
cfaarcha1-86172_1.pdf,2.4.3
cfaarcha1-86172_1.pdf,2.4.3
cfaarcha1-86172_1.pdf,2.4.3
cfaarcha1-86172_1.pdf,2.4.3
cfaarcha1-86172_1.pdf,2.4.1
cfaarcha1-86172_1.pdf,2.4.1
suffolkc1-125752_1.pdf,3.1.6
suffolkc1-125752_1.pdf,3.1.6
suffolkc1-125752_1.pdf,3.1.10
archaeol11-109056_1.pdf,2.4.2
archaeol11-109056_1.pdf,2.4.2
archaeol11-109056_1.pdf,2.4.3
archaeol11-109056_1.pdf,2.4.3
archaeol11-109056_1.pdf,2.4.3
archaeol11-109056_1.pdf,2.4.3
archaeol11-109056_1.pdf,2.4.3
archaeol11-109056_1.pdf,2.4.1
archaeol11-109056_1.pdf,2.4.1
archaeol11-109056_1.pdf,3.1.10
archaeol11-109650_1.pdf,2.3.2
archaeol11-109650_1.pdf,2.3.2
archaeol11-109650_1.pdf,3.1.10
archaeol11-109650_1.pdf,2.4.2
archaeol11-109650_1.pdf,2.4.3
archaeol11-109650_1.pdf,2.4.3
archaeol11-109650_1.pdf,2.4.3
archaeol11-109650_1.pdf,2.4.3
archaeol11-109650_1.pdf,2.4.3
archaeol11-109650_1.pdf,2.4.1
archaeol11-109650_1.pdf,2.4.1
suffolkc1-48989_1.pdf,3.1.6
suffolkc1-48989_1.pdf,3.1.6
suffolkc1-48989_1.pdf,3.1.10
yorkarch1-86971_1.pdf,3.1.10
yorkarch1-86971_1.pdf,2.4.3
yorkarch1-86971_1.pdf,2.4.3
yorkarch1-86971_1.pdf,2.4.1
yorkarch1-86971_1.pdf,2.4.1
universi1-127778_1.pdf,3.1.10
universi1-127778_1.pdf,1.2.10
universi1-127778_1.pdf,1.2.10
suffolkc1-119036_1.pdf,2.4.2
suffolkc1-119036_1.pdf,2.4.2
suffolkc1-119036_1.pdf,2.4.2
suffolkc1-119036_1.pdf,3.1.6
suffolkc1-119036_1.pdf,3.1.6
suffolkc1-119036_1.pdf,3.1.10
preconst1-59134_1.pdf,2.4.3
preconst1-59134_1.pdf,2.4.3
preconst1-59134_1.pdf,2.4.3
preconst1-59134_1.pdf,2.4.3
preconst1-59134_1.pdf,2.4.1
preconst1-59134_1.pdf,2.4.1
preconst1-59134_1.pdf,3.1.10
lincsarc1-19049_1.pdf,2.3.2
lincsarc1-19049_1.pdf,3.1.6
suttonar1-131839_2.pdf,2.4.3
suttonar1-131839_2.pdf,2.4.1
suttonar1-131839_2.pdf,2.4.1
preconst1-11207_1.pdf,2.4.2
preconst1-11207_1.pdf,2.4.2
preconst1-11207_1.pdf,2.4.3
preconst1-11207_1.pdf,2.4.3
preconst1-11207_1.pdf,2.4.3
preconst1-11207_1.pdf,3.1.10
suffolkc1-66231_1.pdf,3.1.6
suffolkc1-66231_1.pdf,3.1.10
johnmoor1-95704_1.pdf,1.2.10
johnmoor1-95704_1.pdf,1.2.10
johnmoor1-95704_1.pdf,3.1.10
johnmoor1-95704_1.pdf,2.4.2
johnmoor1-95704_1.pdf,2.4.2
johnmoor1-95704_1.pdf,2.4.3
johnmoor1-95704_1.pdf,2.4.3
johnmoor1-95704_1.pdf,2.4.3
johnmoor1-95704_1.pdf,2.4.3
johnmoor1-95704_1.pdf,2.4.3
northpen3-63488_2.pdf,2.4.3
northpen3-63488_2.pdf,2.4.3
northpen3-63488_2.pdf,2.4.1
northpen3-63488_2.pdf,2.4.1
cornwall2-127937_1.pdf,7.2
cotswold2-82445_1.pdf,3.1.10
cotswold2-82445_1.pdf,2.4.2
cotswold2-82445_1.pdf,2.4.3
cotswold2-82445_1.pdf,2.4.3
cotswold2-82445_1.pdf,2.4.3
cotswold2-82445_1.pdf,2.4.3
cotswold2-82445_1.pdf,2.4.3
cotswold2-82445_1.pdf,2.4.1
cotswold2-82445_1.pdf,2.4.1
stephenh1-105865_1.pdf,2.4.3
stephenh1-105865_1.pdf,2.4.3
stephenh1-105865_1.pdf,2.4.3
stephenh1-105865_1.pdf,2.4.3
stephenh1-105865_1.pdf,2.4.1
stephenh1-105865_1.pdf,2.4.1
stephenh1-105865_1.pdf,3.1.10
archaeol20-128219_4.pdf,2.3.2
gsbprosp1-22994_3.pdf,2.4.3
gsbprosp1-22994_3.pdf,2.4.1
gsbprosp1-22994_3.pdf,2.4.1
preconst1-57819_1.pdf,3.1.10
preconst1-57819_1.pdf,2.4.3
preconst1-57819_1.pdf,2.4.3
preconst1-57819_1.pdf,2.4.3
preconst1-57819_1.pdf,2.4.3
preconst1-57819_1.pdf,2.4.3
preconst1-57819_1.pdf,2.4.1
preconst1-57819_1.pdf,2.4.1
johnmoor1-125542_1.pdf,3.1.10
johnmoor1-125542_1.pdf,2.4.2
johnmoor1-125542_1.pdf,2.4.2
johnmoor1-125542_1.pdf,2.4.3
johnmoor1-125542_1.pdf,2.4.3
johnmoor1-125542_1.pdf,2.4.3
johnmoor1-125542_1.pdf,2.4.3
johnmoor1-125542_1.pdf,2.4.3
johnmoor1-125542_1.pdf,2.4.3
johnmoor1-125542_1.pdf,2.4.1
johnmoor1-125542_1.pdf,2.4.1
essexcou1-76868_1.pdf,3.1.6
essexcou1-76868_1.pdf,3.1.10
essexcou1-76868_1.pdf,2.4.3
essexcou1-76868_1.pdf,2.4.3
essexcou1-76868_1.pdf,2.4.3
essexcou1-76868_1.pdf,2.4.3
essexcou1-76868_1.pdf,2.4.3
essexcou1-76868_1.pdf,2.4.3
essexcou1-76868_1.pdf,2.4.1
essexcou1-76868_1.pdf,2.4.1
essexcou1-81993_1.pdf,3.1.6
essexcou1-81993_1.pdf,2.4.3
essexcou1-81993_1.pdf,2.4.3
essexcou1-81993_1.pdf,2.4.3
essexcou1-81993_1.pdf,3.1.10
preconst1-51879_1.pdf,3.1.10
preconst1-51879_1.pdf,2.4.3
preconst1-51879_1.pdf,2.4.3
preconst1-51879_1.pdf,2.4.3
preconst1-51879_1.pdf,2.4.3
csarchae1-81166_1.pdf,3.1.10
csarchae1-81166_1.pdf,3.1.6
csarchae1-81166_1.pdf,2.4.3
csarchae1-81166_1.pdf,2.4.3
gerrymar1-121551_2.pdf,7.2
gsbprosp1-22994_2.pdf,2.3.2
gsbprosp1-22994_2.pdf,2.4.3
gsbprosp1-22994_2.pdf,2.4.1
gsbprosp1-22994_2.pdf,2.4.1
withamar1-75010_1.pdf,3.1.10
withamar1-75010_1.pdf,2.4.3
withamar1-75010_1.pdf,2.4.3
withamar1-75010_1.pdf,2.4.3
withamar1-75010_1.pdf,2.4.1
withamar1-75010_1.pdf,2.4.1
molas1-62865_1.pdf,1.2.10
molas1-62865_1.pdf,1.2.10
molas1-62865_1.pdf,2.4.3
molas1-62865_1.pdf,2.4.3
guardarc1-120762_1.pdf,2.4.2
guardarc1-120762_1.pdf,2.4.2
guardarc1-120762_1.pdf,2.4.3
guardarc1-120762_1.pdf,2.4.3
guardarc1-120762_1.pdf,2.4.3
guardarc1-120762_1.pdf,2.4.3
guardarc1-120762_1.pdf,2.4.3
guardarc1-120762_1.pdf,2.4.1
johnnewm1-130849_1.pdf,3.1.10
johnnewm1-130849_1.pdf,3.1.6
johnnewm1-130849_1.pdf,3.1.6
johnnewm1-130849_1.pdf,3.1.6
johnnewm1-130849_1.pdf,3.1.6
johnnewm1-130849_1.pdf,3.1.6
johnnewm1-130849_1.pdf,3.1.6
johnnewm1-130849_1.pdf,2.4.3
johnnewm1-130849_1.pdf,2.4.3
headland3-113108_1.pdf,3.1.6
headland3-113108_1.pdf,3.1.6
archaeol11-64537_1.pdf,2.4.3
archaeol11-64537_1.pdf,2.4.3
archaeol11-64537_1.pdf,2.4.3
archaeol11-64537_1.pdf,2.4.1
archaeol11-64537_1.pdf,2.4.1
archaeol11-64537_1.pdf,3.1.10
preconst1-59766_1.pdf,3.1.10
preconst1-59766_1.pdf,2.4.3
preconst1-59766_1.pdf,2.4.3
preconst1-59766_1.pdf,2.4.3
preconst1-48584_1.pdf,2.4.3
preconst1-48584_1.pdf,2.4.3
preconst1-48584_1.pdf,2.4.3
preconst1-48584_1.pdf,2.4.3
preconst1-48584_1.pdf,2.4.1
preconst1-48584_1.pdf,2.4.1
preconst1-48584_1.pdf,3.1.10
stephenh1-61701_2.pdf,2.4.3
stephenh1-61701_2.pdf,2.4.3
stephenh1-61701_2.pdf,2.4.3
norfolka1-105141_1.pdf,3.1.10
norfolka1-105141_1.pdf,2.4.3
norfolka1-105141_1.pdf,2.4.3
norfolka1-105141_1.pdf,2.4.3
norfolka1-105141_1.pdf,2.4.1
norfolka1-105141_1.pdf,2.4.1
northamp3-115883_1.pdf,3.1.6
northamp3-115883_1.pdf,3.1.10
northamp3-115883_1.pdf,2.4.3
northamp3-115883_1.pdf,2.4.3
northamp3-115883_1.pdf,2.4.3
northamp3-115883_1.pdf,2.4.3
northamp3-115883_1.pdf,2.4.3
northamp3-115883_1.pdf,2.4.3
northamp3-115883_1.pdf,2.4.1
archaeol7-113951_1.pdf,7.2
northpen3-9753_2.pdf,3.1.10
northpen3-9753_2.pdf,2.4.3
northpen3-9753_2.pdf,2.4.1
northpen3-9753_2.pdf,2.4.1
cambridg3-127354_1.pdf,3.1.10
cambridg3-127354_1.pdf,2.4.2
cambridg3-127354_1.pdf,2.4.3
cambridg3-127354_1.pdf,2.4.3
archaeol11-64546_2.pdf,2.4.3
archaeol11-64546_2.pdf,2.4.3
archaeol11-64546_2.pdf,2.4.3
archaeol11-64546_2.pdf,2.4.1
archaeol11-64546_2.pdf,2.4.1
archaeol11-64546_2.pdf,3.1.10
suffolkc1-79363_1.pdf,3.1.6
suffolkc1-79363_1.pdf,3.1.10
archaeol20-128219_3.pdf,2.4.3
archaeol20-128219_3.pdf,2.4.3
archaeol20-128219_3.pdf,2.4.3
archaeol20-128219_3.pdf,2.4.1
archaeol20-128219_3.pdf,2.4.1
fieldarc1-77570_1.pdf,3.1.10
fieldarc1-77570_1.pdf,2.4.3
fieldarc1-77570_1.pdf,2.4.3
fieldarc1-77570_1.pdf,2.4.3
fieldarc1-77570_1.pdf,2.4.3
fieldarc1-77570_1.pdf,2.4.3
fieldarc1-77570_1.pdf,2.4.1
fieldarc1-77570_1.pdf,2.4.1
foundati1-128913_1.pdf,3.1.10
foundati1-128913_1.pdf,2.4.3
preconst1-58347_1.pdf,2.4.3
preconst1-58347_1.pdf,2.4.3
preconst1-58347_1.pdf,2.4.3
preconst1-58347_1.pdf,2.4.3
preconst1-58347_1.pdf,2.4.3
preconst1-58347_1.pdf,2.4.3
preconst1-58347_1.pdf,2.4.3
preconst1-58347_1.pdf,2.4.3
preconst1-58347_1.pdf,2.4.1
preconst1-58347_1.pdf,2.4.1
preconst1-58347_1.pdf,3.1.10
northpen3-9753_1.pdf,2.4.3
northpen3-9753_1.pdf,2.4.3
northpen3-9753_1.pdf,2.4.1
northpen3-9753_1.pdf,2.4.1
northpen3-9753_1.pdf,3.1.10
archaeol11-109653_1.pdf,3.1.10
archaeol11-109653_1.pdf,2.3.2
archaeol11-109653_1.pdf,2.4.2
archaeol11-109653_1.pdf,2.4.2
archaeol11-109653_1.pdf,2.4.3
archaeol11-109653_1.pdf,2.4.3
archaeol11-109653_1.pdf,2.4.3
archaeol11-109653_1.pdf,2.4.1
archaeol11-109653_1.pdf,2.4.1
cotswold2-113065_1.pdf,3.1.10
cotswold2-113065_1.pdf,2.4.3
cotswold2-113065_1.pdf,2.4.3
cotswold2-113065_1.pdf,2.4.3
cotswold2-113065_1.pdf,2.4.3
cotswold2-98136_1.pdf,2.4.3
cotswold2-98136_1.pdf,2.4.3
cotswold2-98136_1.pdf,2.4.3
cotswold2-98136_1.pdf,2.4.3
cotswold2-98136_1.pdf,3.1.10
johnnewm1-130544_2.pdf,3.1.10
johnnewm1-130544_2.pdf,3.1.6
johnnewm1-130544_2.pdf,3.1.6
johnnewm1-130544_2.pdf,3.1.6
johnnewm1-130544_2.pdf,3.1.6
johnnewm1-130544_2.pdf,3.1.6
johnnewm1-130544_2.pdf,3.1.6
johnnewm1-130544_2.pdf,2.4.3
johnnewm1-130544_2.pdf,2.4.3
archaeol20-128219_7.pdf,2.4.3
archaeol20-128219_7.pdf,2.4.3
archaeol20-128219_7.pdf,2.4.3
archaeol20-128219_7.pdf,2.4.1
archaeol20-128219_7.pdf,2.4.1
johnnewm1-126345_1.pdf,3.1.6
johnnewm1-126345_1.pdf,3.1.6
johnnewm1-126345_1.pdf,3.1.6
johnnewm1-126345_1.pdf,3.1.6
johnnewm1-126345_1.pdf,3.1.6
johnnewm1-126345_1.pdf,3.1.6
johnnewm1-126345_1.pdf,3.1.6
johnnewm1-126345_1.pdf,3.1.6
johnnewm1-126345_1.pdf,3.1.6
johnnewm1-126345_1.pdf,3.1.6
johnnewm1-126345_1.pdf,3.1.6
johnnewm1-126345_1.pdf,3.1.6
johnnewm1-126345_1.pdf,3.1.6
johnnewm1-126345_1.pdf,3.1.6
johnnewm1-126345_1.pdf,3.1.6
johnnewm1-126345_1.pdf,3.1.10
johnnewm1-126345_1.pdf,2.4.2
johnnewm1-126345_1.pdf,2.4.2
johnnewm1-126345_1.pdf,2.4.3
johnnewm1-126345_1.pdf,2.4.3
johnnewm1-126345_1.pdf,2.4.3
stephenh1-121543_1.pdf,3.1.10
stephenh1-121543_1.pdf,2.4.3
stephenh1-121543_1.pdf,2.4.3
stephenh1-121543_1.pdf,2.4.3
stephenh1-121543_1.pdf,2.4.3
stephenh1-121543_1.pdf,2.4.1
stephenh1-121543_1.pdf,2.4.1
suffolkc1-121920_1.pdf,3.1.10
suffolkc1-121920_1.pdf,3.1.6
suffolkc1-121920_1.pdf,3.1.6
allenarc1-123740_1.pdf,3.1.10
allenarc1-123740_1.pdf,2.3.2
allenarc1-123740_1.pdf,2.4.2
allenarc1-123740_1.pdf,2.4.2
allenarc1-123740_1.pdf,2.4.3
allenarc1-123740_1.pdf,2.4.3
allenarc1-123740_1.pdf,2.4.3
allenarc1-123740_1.pdf,2.4.3
allenarc1-123740_1.pdf,2.4.1
allenarc1-123740_1.pdf,2.4.1
suffolkc1-81064_1.pdf,3.1.10
suffolkc1-81064_1.pdf,2.4.3
suffolkc1-81064_1.pdf,2.4.3
suffolkc1-81064_1.pdf,2.4.1
suffolkc1-81064_1.pdf,2.4.1
preconst1-52402_1.pdf,2.4.3
preconst1-52402_1.pdf,2.4.3
preconst1-52402_1.pdf,2.4.3
preconst1-52402_1.pdf,2.4.3
preconst1-52402_1.pdf,2.4.1
preconst1-52402_1.pdf,2.4.1
preconst1-52402_1.pdf,3.1.10
gsbprosp1-22994_1.pdf,2.4.3
gsbprosp1-22994_1.pdf,2.4.1
gsbprosp1-22994_1.pdf,2.4.1
suffolkc1-129525_1.pdf,3.1.6
suffolkc1-129525_1.pdf,3.1.10
nparchae1-108340_8.pdf,2.4.1
nparchae1-108340_8.pdf,2.4.3
nparchae1-108340_8.pdf,2.4.3
archaeol7-129614_2.pdf,3.1.10
archaeol7-129614_2.pdf,2.4.3
archaeol7-129614_2.pdf,2.4.3
archaeol7-129614_2.pdf,2.4.3
archaeol7-129614_2.pdf,2.4.3
csarchae1-94570_1.pdf,3.1.10
csarchae1-94570_1.pdf,3.1.6
csarchae1-94570_1.pdf,2.4.3
csarchae1-94570_1.pdf,2.4.3
csarchae1-94570_1.pdf,2.4.3
northpen3-9775_1.pdf,3.1.10
northpen3-9775_1.pdf,2.4.3
northpen3-9775_1.pdf,2.4.3
northpen3-9775_1.pdf,2.4.3
northpen3-9775_1.pdf,2.4.1
northpen3-9775_1.pdf,2.4.1
crampsut1-125334_1.pdf,1.0.6
northpen3-82346_2.pdf,2.4.3
northpen3-82346_2.pdf,2.4.3
northpen3-82346_2.pdf,2.4.3
northpen3-82346_2.pdf,2.4.3
northpen3-82346_2.pdf,2.4.1
northpen3-82346_2.pdf,2.4.1
cornwall2-126888_1.pdf,7.2
suffolkc1-118897_1.pdf,2.4.3
suffolkc1-118897_1.pdf,2.4.3
suffolkc1-118897_1.pdf,2.4.1
suffolkc1-118897_1.pdf,2.4.1
northpen3-9783_1.pdf,2.4.3
northpen3-9783_1.pdf,2.4.1
northpen3-9783_1.pdf,2.4.1
northpen3-9783_1.pdf,3.1.10
universi1-57671_1.pdf,3.1.6
universi1-57671_1.pdf,2.4.3
universi1-57671_1.pdf,2.4.3
universi1-57671_1.pdf,3.1.10
johnmoor1-125520_1.pdf,3.1.6
johnmoor1-125520_1.pdf,3.1.10
johnmoor1-125520_1.pdf,2.4.3
johnmoor1-125520_1.pdf,2.4.3
johnmoor1-125520_1.pdf,2.4.3
johnmoor1-125520_1.pdf,2.4.3
johnmoor1-125520_1.pdf,2.4.1
johnmoor1-125520_1.pdf,2.4.1
stokeont2-128536_1.pdf,3.1.10
archaeol20-128219_10.pdf,2.3.2
nparchae1-108340_5.pdf,2.4.3
nparchae1-108340_5.pdf,2.4.3
nparchae1-108340_5.pdf,2.4.3
nparchae1-108340_5.pdf,2.4.3
nparchae1-108340_5.pdf,2.4.1
nparchae1-108340_5.pdf,2.4.1
dennispa1-125577_1.pdf,3.1.6
dennispa1-125577_1.pdf,3.1.6
dennispa1-125577_1.pdf,3.1.6
dennispa1-125577_1.pdf,3.1.6
dennispa1-125577_1.pdf,3.1.6
dennispa1-125577_1.pdf,3.1.6
dennispa1-125577_1.pdf,3.1.6
dennispa1-125577_1.pdf,3.1.6
dennispa1-125577_1.pdf,3.1.6
dennispa1-125577_1.pdf,3.1.6
dennispa1-125577_1.pdf,3.1.6
dennispa1-125577_1.pdf,3.1.6
dennispa1-125577_1.pdf,3.1.6
dennispa1-125577_1.pdf,3.1.6
dennispa1-125577_1.pdf,3.1.6
dennispa1-125577_1.pdf,2.4.3
dennispa1-125577_1.pdf,2.4.3
dennispa1-125577_1.pdf,2.4.3
dennispa1-125577_1.pdf,2.4.3
dennispa1-125577_1.pdf,2.4.1
dennispa1-125577_1.pdf,2.4.1
dennispa1-125577_1.pdf,3.3.1
dennispa1-125577_1.pdf,3.1.10
essexcou1-116889_1.pdf,3.1.10
essexcou1-116889_1.pdf,2.4.3
essexcou1-116889_1.pdf,2.4.3
essexcou1-116889_1.pdf,2.4.3
essexcou1-116889_1.pdf,2.4.3
essexcou1-116889_1.pdf,2.4.1
essexcou1-116889_1.pdf,2.4.1
cotswold2-91120_1.pdf,3.1.10
cotswold2-91120_1.pdf,2.4.3
southwes1-110591_1.pdf,8.1
southwes1-110591_1.pdf,3.3.2
southwes1-110591_1.pdf,3.3.2
southwes1-110591_1.pdf,3.3.2
southwes1-110591_1.pdf,3.3.2
southwes1-110591_1.pdf,3.3.2
southwes1-110591_1.pdf,3.3.2
southwes1-110591_1.pdf,3.3.2
nparchae1-108340_10.pdf,2.4.3
nparchae1-108340_10.pdf,2.4.3
nparchae1-108340_10.pdf,2.4.3
nparchae1-108340_10.pdf,2.4.3
nparchae1-108340_10.pdf,2.4.1
nparchae1-108340_10.pdf,2.4.1
archaeol11-63362_1.pdf,3.1.10
archaeol11-63362_1.pdf,2.4.2
archaeol11-63362_1.pdf,2.4.2
archaeol11-63362_1.pdf,2.4.3
archaeol11-63362_1.pdf,2.4.3
archaeol11-63362_1.pdf,2.4.3
archaeol11-63362_1.pdf,2.4.1
archaeol11-63362_1.pdf,2.4.1
archaeol7-85542_1.pdf,3.3.1
archaeol7-85542_1.pdf,3.1.6
essexcou1-14767_1.pdf,3.1.10
essexcou1-14767_1.pdf,2.4.3
essexcou1-14767_1.pdf,2.4.3
essexcou1-14767_1.pdf,2.4.3
essexcou1-14767_1.pdf,2.4.3
essexcou1-14767_1.pdf,2.4.3
essexcou1-14767_1.pdf,2.4.3
essexcou1-14767_1.pdf,2.4.1
essexcou1-14767_1.pdf,2.4.1
heritage1-113105_1.pdf,3.1.10
suffolkc1-131737_1.pdf,2.4.1
suffolkc1-131737_1.pdf,3.1.10
cotswold2-99250_1.pdf,3.1.10
cotswold2-99250_1.pdf,2.4.2
cotswold2-99250_1.pdf,2.4.2
cotswold2-99250_1.pdf,2.4.3
cotswold2-99250_1.pdf,2.4.3
cotswold2-99250_1.pdf,2.4.3
northpen3-80568_1.pdf,1.0.1
northpen3-80568_1.pdf,2.3.2
northpen3-80568_1.pdf,2.4.3
northpen3-80568_1.pdf,2.4.3
northpen3-80568_1.pdf,2.4.1
northpen3-80568_1.pdf,2.4.1
northpen3-80568_1.pdf,3.1.10
oxfordar2-128840_1.pdf,3.1.10
oxfordar2-128840_1.pdf,3.1.6
oxfordar2-128840_1.pdf,3.1.6
stephenh1-129466_1.pdf,3.1.10
stephenh1-129466_1.pdf,2.4.3
stephenh1-129466_1.pdf,2.4.3
stephenh1-129466_1.pdf,2.4.3
stephenh1-129466_1.pdf,2.4.3
stephenh1-129466_1.pdf,2.4.1
stephenh1-129466_1.pdf,2.4.1
archaeol11-109099_1.pdf,3.1.10
archaeol11-109099_1.pdf,2.4.3
archaeol11-109099_1.pdf,2.4.3
archaeol11-109099_1.pdf,2.4.3
archaeol11-109099_1.pdf,2.4.1
archaeol11-109099_1.pdf,2.4.1
nparchae1-108340_6.pdf,2.4.3
nparchae1-108340_6.pdf,2.4.3
nparchae1-108340_6.pdf,2.4.3
nparchae1-108340_6.pdf,2.4.3
nparchae1-108340_6.pdf,2.4.1
nparchae1-108340_6.pdf,2.4.1
northpen3-9753_5.pdf,3.1.10
northpen3-9753_5.pdf,2.4.3
northpen3-9753_5.pdf,2.4.1
northpen3-9753_5.pdf,2.4.1
johnnewm1-130212_2.pdf,3.1.10
johnnewm1-130212_2.pdf,3.1.6
johnnewm1-130212_2.pdf,3.1.6
johnnewm1-130212_2.pdf,3.1.6
johnnewm1-130212_2.pdf,3.1.6
johnnewm1-130212_2.pdf,3.1.6
johnnewm1-130212_2.pdf,2.4.3
johnnewm1-130212_2.pdf,2.4.3
northpen3-102619_1.pdf,2.3.2
northpen3-102619_1.pdf,2.4.3
northpen3-102619_1.pdf,2.4.3
northpen3-102619_1.pdf,2.4.1
northpen3-102619_1.pdf,2.4.1
northpen3-102619_1.pdf,3.1.10
suffolkc1-55103_1.pdf,3.1.10
cotswold2-99321_1.pdf,3.1.6
cotswold2-99321_1.pdf,3.1.6
cotswold2-99321_1.pdf,2.4.3
cotswold2-99321_1.pdf,2.4.3
cotswold2-99321_1.pdf,3.1.10
csarchae1-63825_1.pdf,3.1.6
csarchae1-63825_1.pdf,3.1.6
csarchae1-63825_1.pdf,3.1.6
csarchae1-63825_1.pdf,3.1.10
csarchae1-63825_1.pdf,2.4.3
csarchae1-63825_1.pdf,2.4.3
csarchae1-63825_1.pdf,2.4.3
csarchae1-63825_1.pdf,2.4.1
csarchae1-63825_1.pdf,2.4.1
johnnewm1-130209_1.pdf,3.1.6
johnnewm1-130209_1.pdf,3.1.6
johnnewm1-130209_1.pdf,3.1.6
johnnewm1-130209_1.pdf,3.1.6
johnnewm1-130209_1.pdf,3.1.6
johnnewm1-130209_1.pdf,3.1.6
johnnewm1-130209_1.pdf,3.1.6
johnnewm1-130209_1.pdf,3.1.6
johnnewm1-130209_1.pdf,3.1.6
johnnewm1-130209_1.pdf,3.1.6
johnnewm1-130209_1.pdf,3.1.10
johnnewm1-130209_1.pdf,2.4.3
johnnewm1-130209_1.pdf,2.4.3
johnmoor1-129439_1.pdf,3.1.6
johnmoor1-129439_1.pdf,3.1.10
johnmoor1-129439_1.pdf,2.4.2
johnmoor1-129439_1.pdf,2.4.2
johnmoor1-129439_1.pdf,2.4.3
johnmoor1-129439_1.pdf,2.4.3
johnmoor1-129439_1.pdf,2.4.3
johnmoor1-129439_1.pdf,2.4.3
archaeol7-61204_1.pdf,2.3.2
archaeol7-61204_1.pdf,3.1.6
archaeol7-61204_1.pdf,3.1.6
archaeol7-61204_1.pdf,3.1.10
archaeol7-61204_1.pdf,2.4.3
archaeol7-61204_1.pdf,2.4.3
archaeol7-61204_1.pdf,2.4.3
stephenh1-81325_1.pdf,3.1.10
stephenh1-81325_1.pdf,2.4.3
stephenh1-81325_1.pdf,2.4.3
stephenh1-81325_1.pdf,2.4.3
stephenh1-81325_1.pdf,2.4.3
stephenh1-81325_1.pdf,2.4.1
stephenh1-81325_1.pdf,2.4.1
allenarc1-127735_1.pdf,2.3.2
allenarc1-127735_1.pdf,2.4.3
allenarc1-127735_1.pdf,2.4.3
allenarc1-127735_1.pdf,2.4.3
allenarc1-127735_1.pdf,2.4.3
allenarc1-127735_1.pdf,2.4.3
allenarc1-127735_1.pdf,2.4.3
allenarc1-127735_1.pdf,2.4.1
allenarc1-127735_1.pdf,2.4.1
allenarc1-127735_1.pdf,3.1.10
northpen3-63488_1.pdf,3.1.10
northpen3-63488_1.pdf,2.4.3
northpen3-63488_1.pdf,2.4.1
northpen3-63488_1.pdf,2.4.1
suffolkc1-129528_1.pdf,2.4.3
suffolkc1-129528_1.pdf,2.4.3
suffolkc1-129528_1.pdf,2.4.3
suffolkc1-129528_1.pdf,2.4.3
suffolkc1-129528_1.pdf,2.4.3
suffolkc1-129528_1.pdf,2.4.3
suffolkc1-129528_1.pdf,2.4.1
suffolkc1-129528_1.pdf,2.4.1
suffolkc1-129528_1.pdf,3.1.6
suffolkc1-129528_1.pdf,3.1.6
suffolkc1-129528_1.pdf,3.1.6
suffolkc1-129528_1.pdf,3.1.6
suffolkc1-129528_1.pdf,3.1.6
suffolkc1-129528_1.pdf,3.1.6
suffolkc1-129528_1.pdf,3.1.6
suffolkc1-129528_1.pdf,3.1.10
northpen3-9740_1.pdf,3.1.10
northpen3-9740_1.pdf,2.4.3
northpen3-9740_1.pdf,2.4.3
northpen3-9740_1.pdf,2.4.1
northpen3-9740_1.pdf,2.4.1
preconst1-18692_1.pdf,3.1.10
preconst1-18692_1.pdf,2.4.2
preconst1-18692_1.pdf,2.4.2
preconst1-18692_1.pdf,2.4.3
preconst1-18692_1.pdf,2.4.3
preconst1-18692_1.pdf,2.4.3
archaeol20-128219_11.pdf,2.4.3
archaeol20-128219_11.pdf,2.4.3
archaeol20-128219_11.pdf,2.4.3
archaeol20-128219_11.pdf,2.4.1
archaeol20-128219_11.pdf,2.4.1
preconst1-59334_1.pdf,3.1.10
preconst1-59334_1.pdf,2.4.3
preconst1-59334_1.pdf,2.4.3
preconst1-59334_1.pdf,2.4.3
preconst1-59334_1.pdf,2.4.3
preconst1-59334_1.pdf,2.4.1
preconst1-59334_1.pdf,2.4.1
universi1-47466_1.pdf,3.1.6
universi1-47466_1.pdf,3.1.6
universi1-47466_1.pdf,3.1.10
universi1-47466_1.pdf,2.4.3
universi1-47466_1.pdf,2.4.3
universi1-47466_1.pdf,2.4.3
universi1-47466_1.pdf,2.4.3
suffolkc1-119801_1.pdf,3.1.10
suffolkc1-119801_1.pdf,2.4.3
suffolkc1-119801_1.pdf,2.4.1
oxfordar2-102715_1.pdf,2.4.3
oxfordar2-102715_1.pdf,3.1.10
suffolkc1-124043_1.pdf,3.1.10
suffolkc1-124043_1.pdf,3.1.6
suffolkc1-124043_1.pdf,3.1.6
suffolkc1-124043_1.pdf,3.1.6
suffolkc1-124043_1.pdf,3.1.6
suffolkc1-124043_1.pdf,2.4.3
suffolkc1-124043_1.pdf,2.4.3
cotswold2-85023_1.pdf,3.1.10
cotswold2-85023_1.pdf,2.4.2
cotswold2-85023_1.pdf,2.4.2
cotswold2-85023_1.pdf,2.4.3
cotswold2-85023_1.pdf,2.4.3
cotswold2-101380_1.pdf,3.1.10
cotswold2-101380_1.pdf,2.4.2
cotswold2-101380_1.pdf,2.4.2
cotswold2-101380_1.pdf,2.4.3
cotswold2-101380_1.pdf,2.4.3
cotswold2-101380_1.pdf,2.4.3
cotswold2-101380_1.pdf,2.4.3
cotswold2-101380_1.pdf,2.4.3
cotswold2-101380_1.pdf,2.4.1
cotswold2-101380_1.pdf,2.4.1
cotswold2-121126_1.pdf,2.4.3
cotswold2-121126_1.pdf,2.4.3
cotswold2-121126_1.pdf,3.1.10
northpen3-9784_1.pdf,3.1.10
northpen3-9784_1.pdf,2.4.3
northpen3-9784_1.pdf,2.4.3
northpen3-9784_1.pdf,2.4.1
northpen3-9784_1.pdf,2.4.1
preconst1-26187_1.pdf,2.4.3
preconst1-26187_1.pdf,2.4.3
preconst1-26187_1.pdf,2.4.3
preconst1-26187_1.pdf,2.4.3
preconst1-26187_1.pdf,2.4.3
preconst1-26187_1.pdf,3.1.10
archaeol11-64540_1.pdf,3.1.10
archaeol11-64540_1.pdf,2.4.2
archaeol11-64540_1.pdf,2.4.2
archaeol11-64540_1.pdf,2.4.3
archaeol11-64540_1.pdf,2.4.3
archaeol11-64540_1.pdf,2.4.3
archaeol11-64540_1.pdf,2.4.1
archaeol11-64540_1.pdf,2.4.1
archaeol20-128219_6.pdf,2.3.2
suttonar1-128532_1.pdf,2.4.3
suttonar1-128532_1.pdf,2.4.1
suttonar1-128532_1.pdf,2.4.1
csarchae1-78644_1.pdf,3.1.10
csarchae1-78644_1.pdf,3.1.6
csarchae1-78644_1.pdf,2.4.3
csarchae1-78644_1.pdf,2.4.3
csarchae1-78644_1.pdf,2.4.3
csarchae1-78644_1.pdf,2.4.3
csarchae1-78644_1.pdf,2.4.3
csarchae1-78644_1.pdf,2.4.3
csarchae1-78644_1.pdf,2.4.3
johnmoor1-129443_1.pdf,3.1.10
johnmoor1-129443_1.pdf,2.4.2
johnmoor1-129443_1.pdf,2.4.2
johnmoor1-129443_1.pdf,2.4.3
johnmoor1-129443_1.pdf,2.4.3
johnmoor1-129443_1.pdf,2.4.3
johnmoor1-129443_1.pdf,2.4.3
johnmoor1-129443_1.pdf,2.4.3
johnmoor1-129443_1.pdf,2.4.3
johnmoor1-129443_1.pdf,2.4.1
johnmoor1-129443_1.pdf,2.4.1
archaeol11-77475_1.pdf,3.1.6
archaeol11-77475_1.pdf,3.1.10
archaeol11-77475_1.pdf,2.4.2
archaeol11-77475_1.pdf,2.4.2
archaeol11-77475_1.pdf,2.4.3
archaeol11-77475_1.pdf,2.4.3
archaeol11-77475_1.pdf,2.4.3
archaeol11-77475_1.pdf,2.4.1
archaeol11-77475_1.pdf,2.4.1
johnnewm1-84697_1.pdf,3.1.6
johnnewm1-84697_1.pdf,3.1.6
johnnewm1-84697_1.pdf,3.1.6
johnnewm1-84697_1.pdf,3.1.6
johnnewm1-84697_1.pdf,3.1.6
johnnewm1-84697_1.pdf,3.1.6
johnnewm1-84697_1.pdf,3.1.6
johnnewm1-84697_1.pdf,3.1.6
johnnewm1-84697_1.pdf,3.1.10
johnnewm1-84697_1.pdf,2.4.2
johnnewm1-84697_1.pdf,2.4.2
johnnewm1-84697_1.pdf,2.4.3
johnnewm1-84697_1.pdf,2.4.3
johnnewm1-84697_1.pdf,2.4.3
johnnewm1-84697_1.pdf,2.4.3
nparchae1-108340_4.pdf,2.4.3
nparchae1-108340_4.pdf,2.4.3
nparchae1-108340_4.pdf,2.4.3
nparchae1-108340_4.pdf,2.4.3
nparchae1-108340_4.pdf,2.4.1
nparchae1-108340_9.pdf,2.4.1
nparchae1-108340_9.pdf,2.4.3
nparchae1-108340_9.pdf,2.4.3
cornwall2-125512_1.pdf,7.2
archaeol11-77472_1.pdf,3.1.10
archaeol11-77472_1.pdf,2.4.2
archaeol11-77472_1.pdf,2.4.3
archaeol11-77472_1.pdf,2.4.3
archaeol11-77472_1.pdf,2.4.3
archaeol11-77472_1.pdf,2.4.1
archaeol11-77472_1.pdf,2.4.1
archaeol11-108910_1.pdf,2.3.2
archaeol11-108910_1.pdf,2.4.2
archaeol11-108910_1.pdf,2.4.2
archaeol11-108910_1.pdf,2.4.3
archaeol11-108910_1.pdf,2.4.3
archaeol11-108910_1.pdf,2.4.3
archaeol11-108910_1.pdf,2.4.3
archaeol11-108910_1.pdf,2.4.3
archaeol11-108910_1.pdf,2.4.1
archaeol11-108910_1.pdf,2.4.1
archaeol11-108910_1.pdf,3.1.10
preconst1-57359_1.pdf,3.1.10
preconst1-57359_1.pdf,2.4.3
preconst1-57359_1.pdf,2.4.3
preconst1-57359_1.pdf,2.4.3
preconst1-57359_1.pdf,2.4.3
preconst1-57359_1.pdf,2.4.1
preconst1-57359_1.pdf,2.4.1
suffolkc1-80576_2.pdf,3.1.10
suffolkc1-80576_2.pdf,3.1.6
suffolkc1-80576_2.pdf,3.1.6
suffolkc1-80576_2.pdf,3.1.6
suffolkc1-80576_2.pdf,2.4.3
northpen3-9753_4.pdf,3.1.10
northpen3-9753_4.pdf,2.4.3
northpen3-9753_4.pdf,2.4.1
northpen3-9753_4.pdf,2.4.1
nparchae1-108340_12.pdf,2.4.3
nparchae1-108340_12.pdf,2.4.3
nparchae1-108340_12.pdf,2.4.3
nparchae1-108340_12.pdf,2.4.3
nparchae1-108340_12.pdf,2.4.1
nparchae1-108340_12.pdf,2.4.1
archaeol20-128219_8.pdf,2.3.2
essexcou1-51089_1.pdf,3.1.6
essexcou1-51089_1.pdf,3.1.10
essexcou1-51089_1.pdf,2.4.3
essexcou1-51089_1.pdf,2.4.3
essexcou1-51089_1.pdf,2.4.3
essexcou1-51089_1.pdf,2.4.3
essexcou1-51089_1.pdf,2.4.3
essexcou1-51089_1.pdf,2.4.3
essexcou1-51089_1.pdf,2.4.1
essexcou1-51089_1.pdf,2.4.1
preconst1-60049_1.pdf,2.4.3
preconst1-60049_1.pdf,2.4.3
preconst1-60049_1.pdf,2.4.3
preconst1-60049_1.pdf,2.4.3
preconst1-60049_1.pdf,2.4.1
preconst1-60049_1.pdf,2.4.1
preconst1-60049_1.pdf,3.1.10
cotswold2-36041_1.pdf,3.1.10
cotswold2-36041_1.pdf,2.4.3
cotswold2-36041_1.pdf,2.4.3
suffolkc1-57204_2.pdf,3.1.6
suffolkc1-57204_2.pdf,3.1.10
preconst1-57762_1.pdf,2.4.2
preconst1-57762_1.pdf,2.4.2
preconst1-57762_1.pdf,2.4.3
preconst1-57762_1.pdf,2.4.3
preconst1-57762_1.pdf,2.4.3
preconst1-57762_1.pdf,2.4.3
preconst1-57762_1.pdf,2.4.3
preconst1-57762_1.pdf,2.4.1
preconst1-57762_1.pdf,2.4.1
preconst1-57762_1.pdf,3.1.6
preconst1-57762_1.pdf,3.1.6
preconst1-57762_1.pdf,3.1.6
preconst1-57762_1.pdf,3.1.10
archaeol11-109102_1.pdf,1.0.1
archaeol11-109102_1.pdf,3.1.10
northpen3-77214_1.pdf,2.4.3
northpen3-77214_1.pdf,2.4.3
northpen3-77214_1.pdf,2.4.1
northpen3-77214_1.pdf,2.4.1
northpen3-77214_1.pdf,3.1.10
nparchae1-108340_7.pdf,2.4.3
nparchae1-108340_7.pdf,2.4.3
nparchae1-108340_7.pdf,2.4.3
nparchae1-108340_7.pdf,2.4.3
nparchae1-108340_7.pdf,2.4.1
cotswold2-98159_1.pdf,3.1.10
cotswold2-98159_1.pdf,2.4.3
cotswold2-98159_1.pdf,2.4.3
cotswold2-98159_1.pdf,2.4.3
cotswold2-98159_1.pdf,2.4.3
cornwall2-128196_1.pdf,3.1.10
cornwall2-128196_1.pdf,2.3.2
cornwall2-128196_1.pdf,2.4.3
cornwall2-128196_1.pdf,2.4.3
cornwall2-128196_1.pdf,2.4.1
cornwall2-128196_1.pdf,2.4.1
johnnewm1-129886_1.pdf,3.1.6
johnnewm1-129886_1.pdf,3.1.6
johnnewm1-129886_1.pdf,3.1.6
johnnewm1-129886_1.pdf,3.1.6
johnnewm1-129886_1.pdf,3.1.6
johnnewm1-129886_1.pdf,3.1.6
johnnewm1-129886_1.pdf,3.1.6
johnnewm1-129886_1.pdf,3.1.6
johnnewm1-129886_1.pdf,3.1.6
johnnewm1-129886_1.pdf,3.1.6
johnnewm1-129886_1.pdf,3.1.6
johnnewm1-129886_1.pdf,3.1.10
johnnewm1-129886_1.pdf,2.4.3
johnnewm1-129886_1.pdf,2.4.3
johnmoor1-128708_1.pdf,3.2.3
johnmoor1-128708_1.pdf,3.1.10
johnmoor1-128708_1.pdf,3.1.11
johnmoor1-128708_1.pdf,2.4.3
johnmoor1-128708_1.pdf,2.4.3
johnmoor1-128708_1.pdf,2.4.3
johnmoor1-128708_1.pdf,2.4.3
johnmoor1-128708_1.pdf,2.4.3
johnmoor1-128708_1.pdf,2.4.3
johnmoor1-128708_1.pdf,2.4.3
johnmoor1-128708_1.pdf,2.4.1
johnmoor1-128708_1.pdf,2.4.1
cornwall2-128060_1.pdf,7.2
norfolka1-107026_1.pdf,2.4.2
norfolka1-107026_1.pdf,2.4.2
norfolka1-107026_1.pdf,2.4.3
norfolka1-107026_1.pdf,2.4.3
norfolka1-107026_1.pdf,2.4.3
norfolka1-107026_1.pdf,2.4.3
norfolka1-107026_1.pdf,2.4.3
norfolka1-107026_1.pdf,3.1.10
universi1-79728_1.pdf,3.1.10
universi1-79728_1.pdf,2.4.3
universi1-79728_1.pdf,2.4.3
universi1-79728_1.pdf,2.4.3
universi1-79728_1.pdf,2.4.3
universi1-79728_1.pdf,2.4.3
universi1-79728_1.pdf,2.4.1
universi1-79728_1.pdf,2.4.1
foundati1-114645_1.pdf,3.1.10
foundati1-114645_1.pdf,2.4.3
foundati1-114645_1.pdf,2.4.3
foundati1-114645_1.pdf,2.4.1
northpen3-9753_3.pdf,3.1.10
northpen3-9753_3.pdf,2.4.3
northpen3-9753_3.pdf,2.4.1
northpen3-9753_3.pdf,2.4.1
nparchae1-111456_1.pdf,2.4.3
nparchae1-111456_1.pdf,2.4.3
nparchae1-111456_1.pdf,2.4.3
nparchae1-111456_1.pdf,2.4.3
nparchae1-111456_1.pdf,2.4.3
nparchae1-111456_1.pdf,2.4.1
nparchae1-111456_1.pdf,2.4.1
nparchae1-111456_1.pdf,3.1.10
cotswold2-98290_1.pdf,2.4.3
cotswold2-98290_1.pdf,3.1.10
molas1-86983_1.pdf,1.2.10
molas1-86983_1.pdf,1.2.10
nparchae1-108340_3.pdf,3.1.10
nparchae1-108340_3.pdf,2.4.3
nparchae1-108340_3.pdf,2.4.3
nparchae1-108340_3.pdf,2.4.3
nparchae1-108340_3.pdf,2.4.1
nparchae1-108340_3.pdf,2.4.1
heritage1-106515_1.pdf,3.1.10
oxfordar2-102715_3.pdf,3.1.6
suffolkc1-77583_1.pdf,3.1.10
suffolkc1-77583_1.pdf,3.1.6
suffolkc1-120531_1.pdf,3.1.10
suffolkc1-120531_1.pdf,3.1.6
suffolkc1-120531_1.pdf,3.1.6
heritage1-93701_1.pdf,2.4.2
bamburgh1-121498_1.pdf,3.1.10
bamburgh1-121498_1.pdf,2.4.3
bamburgh1-121498_1.pdf,2.4.1
preconst1-57948_1.pdf,2.4.3
preconst1-57948_1.pdf,2.4.3
preconst1-57948_1.pdf,3.1.10
essexcou1-86150_1.pdf,2.4.3
essexcou1-86150_1.pdf,2.4.3
essexcou1-86150_1.pdf,2.4.3
essexcou1-86150_1.pdf,2.4.3
essexcou1-86150_1.pdf,2.4.3
essexcou1-86150_1.pdf,2.4.1
essexcou1-86150_1.pdf,2.4.1
essexcou1-86150_1.pdf,3.1.10
essexcou1-69121_1.pdf,2.4.3
essexcou1-69121_1.pdf,2.4.3
essexcou1-69121_1.pdf,2.4.3
essexcou1-69121_1.pdf,2.4.3
essexcou1-69121_1.pdf,2.4.3
essexcou1-69121_1.pdf,2.4.1
essexcou1-69121_1.pdf,2.4.1
essexcou1-69121_1.pdf,3.1.6
essexcou1-69121_1.pdf,3.1.10
stephenh1-110793_1.pdf,3.1.10
stephenh1-110793_1.pdf,2.4.3
stephenh1-110793_1.pdf,2.4.3
stephenh1-110793_1.pdf,2.4.3
stephenh1-110793_1.pdf,2.4.3
stephenh1-110793_1.pdf,2.4.1
stephenh1-110793_1.pdf,2.4.1
cotswold2-98254_1.pdf,3.1.10
cotswold2-98254_1.pdf,2.4.3
networka2-19133_1.pdf,3.1.6
networka2-19133_1.pdf,3.1.10
networka2-19133_1.pdf,2.4.3
networka2-19133_1.pdf,2.4.3
cornwall2-125617_1.pdf,7.2
stokeont2-124249_1.pdf,3.1.10
cotswold2-64985_1.pdf,3.1.10
cotswold2-64985_1.pdf,2.4.2
cotswold2-64985_1.pdf,2.4.2
cotswold2-64985_1.pdf,2.4.3
cotswold2-64985_1.pdf,2.4.3
cotswold2-64985_1.pdf,2.4.3
essexcou1-65752_1.pdf,2.4.3
essexcou1-65752_1.pdf,2.4.3
essexcou1-65752_1.pdf,2.4.3
essexcou1-65752_1.pdf,2.4.3
essexcou1-65752_1.pdf,2.4.1
essexcou1-65752_1.pdf,2.4.1
essexcou1-65752_1.pdf,3.1.10
molas1-12161_1.pdf,3.1.6
suffolkc1-116264_2.pdf,3.1.6
suffolkc1-116264_2.pdf,3.1.6
suffolkc1-116264_2.pdf,3.1.10
suffolkc1-116264_2.pdf,2.4.2
suffolkc1-116264_2.pdf,2.4.2
suffolkc1-116264_2.pdf,2.4.3
suffolkc1-116264_2.pdf,2.4.3
suffolkc1-116264_2.pdf,2.4.3
suffolkc1-116264_2.pdf,2.4.3
suffolkc1-116264_2.pdf,2.4.3
suffolkc1-116264_2.pdf,2.4.3
suffolkc1-116264_2.pdf,2.4.1
suffolkc1-116264_2.pdf,2.4.1
bristola1-87031_1.pdf,3.1.6
bristola1-87031_1.pdf,3.1.6
bristola1-87031_1.pdf,3.1.6
bristola1-87031_1.pdf,3.1.6
bristola1-87031_1.pdf,3.1.6
bristola1-87031_1.pdf,3.1.6
bristola1-87031_1.pdf,3.1.6
bristola1-87031_1.pdf,3.1.6
bristola1-87031_1.pdf,3.1.6
bristola1-87031_1.pdf,3.1.6
bristola1-87031_1.pdf,3.1.6
bristola1-87031_1.pdf,3.1.6
bristola1-87031_1.pdf,3.1.6
bristola1-87031_1.pdf,3.1.6
bristola1-87031_1.pdf,3.1.6
bristola1-87031_1.pdf,3.1.6
bristola1-87031_1.pdf,3.1.6
bristola1-87031_1.pdf,3.1.6
bristola1-87031_1.pdf,3.1.6
bristola1-87031_1.pdf,3.1.6
bristola1-87031_1.pdf,3.1.6
bristola1-87031_1.pdf,3.1.6
bristola1-87031_1.pdf,3.1.6
bristola1-87031_1.pdf,3.1.6
bristola1-87031_1.pdf,3.1.6
bristola1-87031_1.pdf,3.1.6
bristola1-87031_1.pdf,3.1.6
bristola1-87031_1.pdf,3.1.6
bristola1-87031_1.pdf,3.1.6
bristola1-87031_1.pdf,3.1.6
bristola1-87031_1.pdf,3.1.6
bristola1-87031_1.pdf,3.1.6
bristola1-87031_1.pdf,3.1.6
bristola1-87031_1.pdf,3.1.6
bristola1-87031_1.pdf,3.1.6
bristola1-87031_1.pdf,3.1.6
bristola1-87031_1.pdf,3.1.6
bristola1-87031_1.pdf,3.1.6
bristola1-87031_1.pdf,3.1.6
bristola1-87031_1.pdf,3.1.6
bristola1-87031_1.pdf,3.1.6
bristola1-87031_1.pdf,3.1.6
bristola1-87031_1.pdf,3.1.6
bristola1-87031_1.pdf,3.1.6
bristola1-87031_1.pdf,3.1.6
bristola1-87031_1.pdf,3.1.6
bristola1-87031_1.pdf,3.1.6
bristola1-87031_1.pdf,3.1.6
bristola1-87031_1.pdf,3.1.6
bristola1-87031_1.pdf,3.1.6
bristola1-87031_1.pdf,3.1.6
bristola1-87031_1.pdf,3.1.6
bristola1-87031_1.pdf,3.1.6
bristola1-87031_1.pdf,3.1.6
bristola1-87031_1.pdf,3.1.6
bristola1-87031_1.pdf,3.1.6
bristola1-87031_1.pdf,3.1.6
bristola1-87031_1.pdf,3.1.6
bristola1-87031_1.pdf,3.1.6
bristola1-87031_1.pdf,3.1.6
bristola1-87031_1.pdf,3.1.6
bristola1-87031_1.pdf,3.1.6
bristola1-87031_1.pdf,3.1.6
bristola1-87031_1.pdf,3.1.6
bristola1-87031_1.pdf,3.1.6
bristola1-87031_1.pdf,3.1.6
bristola1-87031_1.pdf,3.1.6
bristola1-87031_1.pdf,3.1.6
bristola1-87031_1.pdf,3.1.6
bristola1-87031_1.pdf,3.1.6
bristola1-87031_1.pdf,3.1.6
bristola1-87031_1.pdf,3.1.6
bristola1-87031_1.pdf,3.1.6
bristola1-87031_1.pdf,3.1.6
bristola1-87031_1.pdf,3.1.6
bristola1-87031_1.pdf,3.1.6
bristola1-87031_1.pdf,3.1.6
bristola1-87031_1.pdf,3.1.6
bristola1-87031_1.pdf,3.1.6
bristola1-87031_1.pdf,3.1.6
bristola1-87031_1.pdf,3.1.6
bristola1-87031_1.pdf,3.1.6
bristola1-87031_1.pdf,3.1.6
bristola1-87031_1.pdf,3.1.6
bristola1-87031_1.pdf,3.1.6
bristola1-87031_1.pdf,3.1.6
bristola1-87031_1.pdf,3.1.6
bristola1-87031_1.pdf,3.1.6
bristola1-87031_1.pdf,3.1.6
bristola1-87031_1.pdf,3.1.6
bristola1-87031_1.pdf,3.1.6
bristola1-87031_1.pdf,3.1.6
bristola1-87031_1.pdf,3.1.6
bristola1-87031_1.pdf,3.1.6
bristola1-87031_1.pdf,3.1.6
bristola1-87031_1.pdf,3.1.6
bristola1-87031_1.pdf,3.1.6
bristola1-87031_1.pdf,3.1.6
bristola1-87031_1.pdf,3.1.6
bristola1-87031_1.pdf,3.1.6
bristola1-87031_1.pdf,2.4.2
bristola1-87031_1.pdf,2.4.2
bristola1-87031_1.pdf,2.4.3
bristola1-87031_1.pdf,2.4.3
gloucest4-130502_1.pdf,3.1.10
gloucest4-130502_1.pdf,2.4.2
gloucest4-130502_1.pdf,2.4.2
gloucest4-130502_1.pdf,2.4.3
gloucest4-130502_1.pdf,2.4.3
gloucest4-130502_1.pdf,2.4.3
gloucest4-130502_1.pdf,2.4.3
gloucest4-130502_1.pdf,2.4.1
gloucest4-130502_1.pdf,2.4.1
archaeol20-128219_2.pdf,2.4.3
archaeol20-128219_2.pdf,2.4.3
archaeol20-128219_2.pdf,2.4.3
archaeol20-128219_2.pdf,2.4.3
archaeol20-128219_2.pdf,2.4.1
archaeol20-128219_2.pdf,2.4.1
suffolkc1-57204_1.pdf,3.1.10
fieldarc1-85053_1.pdf,3.1.10
fieldarc1-85053_1.pdf,2.4.3
fieldarc1-85053_1.pdf,2.4.3
fieldarc1-85053_1.pdf,2.4.3
fieldarc1-85053_1.pdf,2.4.3
fieldarc1-85053_1.pdf,2.4.3
fieldarc1-85053_1.pdf,2.4.1
fieldarc1-85053_1.pdf,2.4.1
preconst1-58961_1.pdf,2.4.3
preconst1-58961_1.pdf,2.4.3
preconst1-58961_1.pdf,2.4.3
preconst1-58961_1.pdf,2.4.3
preconst1-58961_1.pdf,2.4.1
preconst1-58961_1.pdf,2.4.1
preconst1-58961_1.pdf,3.1.10
archaeol11-109062_1.pdf,3.1.6
archaeol11-109062_1.pdf,3.1.6
archaeol11-109062_1.pdf,3.1.10
archaeol11-109062_1.pdf,2.4.3
archaeol11-109062_1.pdf,2.4.3
archaeol11-109062_1.pdf,2.4.3
archaeol11-109062_1.pdf,2.4.1
archaeol11-109062_1.pdf,2.4.1
nparchae1-108340_11.pdf,2.4.3
nparchae1-108340_11.pdf,2.4.3
nparchae1-108340_11.pdf,2.4.3
nparchae1-108340_11.pdf,2.4.3
nparchae1-108340_11.pdf,2.4.1
nparchae1-108340_11.pdf,2.4.1
preconst1-10392_1.pdf,2.4.2
preconst1-10392_1.pdf,2.4.2
preconst1-10392_1.pdf,2.4.3
preconst1-10392_1.pdf,2.4.3
preconst1-10392_1.pdf,2.4.3
preconst1-10392_1.pdf,3.1.10
yorkarch1-86951_1.pdf,3.1.10
yorkarch1-86951_1.pdf,2.4.3
yorkarch1-86951_1.pdf,2.4.3
yorkarch1-86951_1.pdf,2.4.1
yorkarch1-86951_1.pdf,2.4.1
northpen3-85636_1.pdf,3.1.10
northpen3-85636_1.pdf,2.4.3
northpen3-85636_1.pdf,2.4.3
northpen3-85636_1.pdf,2.4.3
northpen3-85636_1.pdf,2.4.3
northpen3-85636_1.pdf,2.4.1
northpen3-85636_1.pdf,2.4.1
